Artists,Pictures
Wale,/artistsPictures/Wale_resized.png
Migos,/artistsPictures/Migos_resized.png
KRSOne,/artistsPictures/KRSOne_resized.png
E40,/artistsPictures/E40_resized.png
MissyElliott,/artistsPictures/MissyElliott_resized.png
CypressHill,/artistsPictures/CypressHill_resized.png
AAPRocky,/artistsPictures/AAPRocky_resized.png
MCLyte,/artistsPictures/MCLyte_resized.png
ChildishGambino,/artistsPictures/ChildishGambino_resized.png
KodakBlack,/artistsPictures/KodakBlack_resized.png
2Chainz,/artistsPictures/2Chainz_resized.png
JoeBudden,/artistsPictures/JoeBudden_resized.png
ScHoolboyQ,/artistsPictures/ScHoolboyQ_resized.png
IceCube,/artistsPictures/IceCube_resized.png
GZA,/artistsPictures/GZA_resized.png
Scarface,/artistsPictures/Scarface_resized.png
Jeezy,/artistsPictures/Jeezy_resized.png
NickiMinaj,/artistsPictures/NickiMinaj_resized.png
2Pac,/artistsPictures/2Pac_resized.png
Raekwon,/artistsPictures/Raekwon_resized.png
MFDOOM,/artistsPictures/MFDOOM_resized.png
KevinGates,/artistsPictures/KevinGates_resized.png
JuicyJ,/artistsPictures/JuicyJ_resized.png
21Savage,/artistsPictures/21Savage_resized.png
MethodMan,/artistsPictures/MethodMan_resized.png
ABoogiewitdaHoodie,/artistsPictures/ABoogiewitdaHoodie_resized.png
DeLaSoul,/artistsPictures/DeLaSoul_resized.png
BigDaddyKane,/artistsPictures/BigDaddyKane_resized.png
Drake,/artistsPictures/Drake_resized.png
MacMiller,/artistsPictures/MacMiller_resized.png
TechN9ne,/artistsPictures/TechN9ne_resized.png
PublicEnemy,/artistsPictures/PublicEnemy_resized.png
GucciMane,/artistsPictures/GucciMane_resized.png
Gunna,/artistsPictures/Gunna_resized.png
Future,/artistsPictures/Future_resized.png
SnoopDogg,/artistsPictures/SnoopDogg_resized.png
Twista,/artistsPictures/Twista_resized.png
JAYZ,/artistsPictures/JAYZ_resized.png
MobbDeep,/artistsPictures/MobbDeep_resized.png
LilWayne,/artistsPictures/LilWayne_resized.png
Logic,/artistsPictures/Logic_resized.png
LilUziVert,/artistsPictures/LilUziVert_resized.png
CardiB,/artistsPictures/CardiB_resized.png
SouljaBoy,/artistsPictures/SouljaBoy_resized.png
ActionBronson,/artistsPictures/ActionBronson_resized.png
VinceStaples,/artistsPictures/VinceStaples_resized.png
TravisScott,/artistsPictures/TravisScott_resized.png
MasterP,/artistsPictures/MasterP_resized.png
Royceda59,/artistsPictures/Royceda59_resized.png
Nelly,/artistsPictures/Nelly_resized.png
J.Cole,/artistsPictures/J.Cole_resized.png
JuelzSantana,/artistsPictures/JuelzSantana_resized.png
JoeyBada,/artistsPictures/JoeyBada_resized.png
KendrickLamar,/artistsPictures/KendrickLamar_resized.png
50Cent,/artistsPictures/50Cent_resized.png
RZA,/artistsPictures/RZA_resized.png
Diddy,/artistsPictures/Diddy_resized.png
RunDMC,/artistsPictures/RunDMC_resized.png
GhostfaceKillah,/artistsPictures/GhostfaceKillah_resized.png
DMX,/artistsPictures/DMX_resized.png
Common,/artistsPictures/Common_resized.png
BigSean,/artistsPictures/BigSean_resized.png
BoneThugsNHarmony,/artistsPictures/BoneThugsNHarmony_resized.png
TalibKweli,/artistsPictures/TalibKweli_resized.png
Jadakiss,/artistsPictures/Jadakiss_resized.png
BeastieBoys,/artistsPictures/BeastieBoys_resized.png
RaeSremmurd,/artistsPictures/RaeSremmurd_resized.png
BizMarkie,/artistsPictures/BizMarkie_resized.png
MosDef,/artistsPictures/MosDef_resized.png
LupeFiasco,/artistsPictures/LupeFiasco_resized.png
Eminem,/artistsPictures/Eminem_resized.png
WizKhalifa,/artistsPictures/WizKhalifa_resized.png
RickRoss,/artistsPictures/RickRoss_resized.png
LLCoolJ,/artistsPictures/LLCoolJ_resized.png
QueenLatifah,/artistsPictures/QueenLatifah_resized.png
KanyeWest,/artistsPictures/KanyeWest_resized.png
AAPFerg,/artistsPictures/AAPFerg_resized.png
YoungThug,/artistsPictures/YoungThug_resized.png
KidCudi,/artistsPictures/KidCudi_resized.png
ATribeCalledQuest,/artistsPictures/ATribeCalledQuest_resized.png
cupcakKe,/artistsPictures/cupcakKe_resized.png
Russ,/artistsPictures/Russ_resized.png
BustaRhymes,/artistsPictures/BustaRhymes_resized.png
GangStarr,/artistsPictures/GangStarr_resized.png
SaltNPepa,/artistsPictures/SaltNPepa_resized.png
TylerTheCreator,/artistsPictures/TylerTheCreator_resized.png
Nas,/artistsPictures/Nas_resized.png
PushaT,/artistsPictures/PushaT_resized.png
Redman,/artistsPictures/Redman_resized.png
EricB.Rakim,/artistsPictures/EricB.Rakim_resized.png
FatJoe,/artistsPictures/FatJoe_resized.png
Ludacris,/artistsPictures/Ludacris_resized.png
IceT,/artistsPictures/IceT_resized.png
OutKast,/artistsPictures/OutKast_resized.png
UGK,/artistsPictures/UGK_resized.png
LilKim,/artistsPictures/LilKim_resized.png
MeekMill,/artistsPictures/MeekMill_resized.png
Camron,/artistsPictures/Camron_resized.png
T.I.,/artistsPictures/T.I._resized.png
LilBaby,/artistsPictures/LilBaby_resized.png
